question,answer
abolish,bãi bỏ
abortion,phá thai
absence,sự vắng mặt
absent,vắng mặt
absorb,hấp thụ
abstract,tóm tắt
absurd,vô lý
abundance,sự phong phú
abuse,lạm dụng
academy,học viện
accelerate,tăng tốc
accent,giọng
acceptance,sự chấp nhận
accessible,có thể truy cập
accidentally,vô tình
accommodate,chứa
accomplish,hoàn thành
accomplishment,thành tựu
accordance,phù hợp
accordingly,theo đó
accountability,trách nhiệm giải trình
accountable,chịu trách nhiệm
accountant,kế toán viên
accounting,kế toán
accumulate,tích lũy
accumulation,sự tích tụ
accuracy,sự chính xác
accurately,chính xác
accusation,lời buộc tội
accused,bị buộc tội
acid,axit
acquisition,sự mua lại
acre,mẫu Anh
activate,kích hoạt
activation,kích hoạt
activist,nhà hoạt động
acute,cấp tính
adaptation,sự thích nghi
addiction,nghiện ngập
additionally,ngoài ra
adequate,đủ
adequately,một cách đầy đủ
adhere,tuân thủ
adjacent,liền kề
adjust,điều chỉnh
adjustment,điều chỉnh
administer,quản lý
administrative,hành chính
administrator,quản trị viên
admission,sự nhập học
adolescent,thanh niên
adoption,sự nhận con nuôi
adverse,bất lợi
advocate,người ủng hộ
aesthetic,thẩm mỹ
affection,sự yêu mến
affordable,có thể chi trả
aftermath,hậu quả
aggression,sự xâm lược
agricultural,nông nghiệp
agriculture,nông nghiệp
aide,trợ lý
aids,AIDS
albeit,mặc dù
alert,báo động
alien,người ngoài hành tinh
align,căn chỉnh
alignment,sự liên kết
alike,như nhau
allegation,cáo buộc
allege,cáo buộc
allegedly,được cho là
alliance,liên minh
allocate,phân bổ
allocation,phân bổ
allowance,trợ cấp
ally,đồng minh
alongside,bên cạnh
altogether,toàn bộ
aluminium,nhôm
amateur,nghiệp dư
ambassador,đại sứ
ambulance,xe cứu thương
amend,sửa đổi
amendment,sửa đổi
amid,giữa
amusing,vui
analogy,sự tương tự
analyst,nhà phân tích
ancestor,tổ tiên
anchor,neo
angel,thiên thần
animation,hoạt hình
annually,hàng năm
anonymous,vô danh
anticipate,dự đoán
anxiety,sự lo lắng
apology,lời xin lỗi
apparatus,thiết bị
appealing,hấp dẫn
appetite,sự thèm ăn
applaud,vỗ tay
applicable,áp dụng
applicant,người xin việc
appoint,bổ nhiệm
appreciation,sự đánh giá cao
appropriately,một cách thích hợp
arbitrary,tùy ý
architectural,kiến trúc
archive,lưu trữ
arena,đấu trường
arguably,có thể nói là
arm,cánh tay
array,mảng
arrow,mũi tên
articulate,rõ ràng
artwork,tác phẩm nghệ thuật
ash,tro
aside,sang một bên
aspiration,khát vọng
aspire,khao khát
assassination,vụ ám sát
assault,tấn công
assemble,lắp ráp
assembly,cuộc họp
assert,khẳng định
assertion,khẳng định
asset,tài sản
assign,giao phó
assistance,hỗ trợ
assumption,giả định
assurance,sự đảm bảo
assure,đảm bảo
astonishing,đáng kinh ngạc
asylum,tị nạn
atrocity,sự tàn bạo
attachment,sự gắn bó
attain,đạt được
attendance,sự tham dự
attorney,luật sư
attribute,thuộc tính
auction,đấu giá
audio,âm thanh
audit,kiểm toán
authentic,thật
authorize,ủy quyền
auto,tự động
automatic,tự động
automatically,tự động
autonomy,quyền tự chủ
availability,khả năng sẵn có
await,chờ đợi
awareness,nhận thức
awkward,vụng về
backdrop,bối cảnh
backing,ủng hộ
backup,hỗ trợ
badge,huy hiệu
bail,tiền bảo lãnh
balanced,cân bằng
ballet,múa ba lê
balloon,bóng bay
ballot,lá phiếu
banner,ngọn cờ
bare,trần trụi
barely,hầu như không
bargain,mặc cả
barrel,thùng
basement,tầng hầm
basket,rổ
bass,cá vược
bat,dơi
battlefield,chiến trường
bay,vịnh
beam,chùm tia
beast,con thú
behalf,thay mặt
beloved,được yêu mến
bench,băng ghế
benchmark,chuẩn mực
beneath,bên dưới
beneficial,có lợi
beneficiary,người thụ hưởng
beside,bên cạnh
besides,bên cạnh đó
betray,phản bội
bias,sự thiên vị
bid,đấu thầu
bind,ràng buộc
biography,tiểu sử
biological,sinh học
bishop,giám mục
bizarre,kỳ lạ
blade,lưỡi kiếm
blanket,cái chăn
blast,vụ nổ
bleed,chảy máu
blend,trộn
bless,ban phước
blessing,phước lành
blow,thổi
boast,khoe khoan
bold,in đậm
bombing,vụ đánh bom
bonus,thưởng
booking,đặt phòng
boom,bùng nổ
boost,tăng
bounce,tung lên
bound,ràng buộc
boundary,ranh giới
bow,cây cung
breach,sự vi phạm
breakdown,sự cố
breakthrough,đột phá
breed,giống
brick,gạch
briefly,tóm lại
broadband,băng thông rộng
broadcaster,phát thanh viên
broadly,rộng rãi
browser,trình duyệt
brutal,tàn bạo
buck,con nai đực
buddy,bạn bè
buffer,bộ đệm
bug,sâu bọ
bulk,số lượng lớn
burden,gánh nặng
bureaucracy,bộ máy quan liêu
burial,chôn cất
burst,bùng nổ
cabin,cabin
cabinet,tủ
calculation,tính toán
canal,kênh đào
candle,nến
canvas,vải bạt
capability,khả năng
capitalism,chủ nghĩa tư bản
capitalist,nhà tư bản
carbon,cacbon
cargo,hàng hóa
carriage,xe
carve,khắc
casino,sòng bạc
casual,bình thường
casualty,thương vong
catalogue,danh mục
cater,phục vụ
cattle,gia súc
caution,thận trọng
cautious,thận trọng
cave,hang
cease,ngưng
cemetery,nghĩa trang
certainty,sự chắc chắn
certificate,giấy chứng nhận
challenging,thách thức
chamber,buồng
championship,chức vô địch
chaos,sự hỗn loạn
characterize,đặc trưng
charm,sự quyến rũ
charming,quyến rũ
charter,hiến chương
chase,đuổi
cheek,má
cheer,reo hò
choir,hợp xướng
chop,chặt
chronic,mãn tính
chunk,khối
circuit,mạch điện
circulate,lưu thông
circulation,lưu thông
citizenship,quyền công dân
civic,dân sự
civilian,dân sự
civilization,nền văn minh
clarify,làm rõ
clarity,sự rõ ràng
clash,xung đột
classification,phân loại
classify,phân loại
cleaning,vệ sinh
clerk,nhân viên văn phòng
cliff,vách đá
cling,bám chặt
clinic,phòng khám
clinical,lâm sàng
clip,kẹp
closure,đóng cửa
cluster,cụm
coalition,liên minh
coastal,ven biển
cocktail,cocktail
cognitive,nhận thức
coincide,trùng hợp
coincidence,sự trùng hợp ngẫu nhiên
collaborate,hợp tác
collaboration,sự hợp tác
collective,tập thể
collector,người sưu tầm
collision,va chạm
colonial,thuộc địa
colony,thuộc địa
colourful,đầy màu sắc
columnist,chuyên mục
combat,chiến đấu
comic,truyện tranh
commander,chỉ huy
commence,bắt đầu
commentary,bình luận
commentator,bình luận viên
commerce,thương mại
commissioner,ủy viên
commodity,hàng hóa
communist,cộng sản
companion,người bạn đồng hành
comparable,có thể so sánh được
comparative,so sánh
compassion,lòng trắc ẩn
compel,ép buộc
compelling,hấp dẫn
compensate,đền bù
compensation,đền bù
competence,năng lực
competent,có năng lực
compile,biên dịch
complement,bổ sung
completion,hoàn thành
complexity,sự phức tạp
compliance,Tuân thủ
complication,biến chứng
comply,tuân theo
compose,soạn thảo
composer,nhà soạn nhạc
composition,thành phần
compound,hợp chất
comprehensive,toàn diện
comprise,bao gồm
compromise,thỏa hiệp
compulsory,bắt buộc
compute,tính toán
conceal,che giấu
concede,nhượng bộ
conceive,thụ thai
conception,sự thụ thai
concession,nhượng bộ
concrete,bê tông
condemn,lên án
confer,trao
confess,xưng
confession,lời thú tội
configuration,cấu hình
confine,giới hạn
confirmation,xác nhận
confront,đối đầu
confrontation,sự đối đầu
confusion,lú lẫn
congratulate,chúc mừng
congregation,giáo đoàn
congressional,quốc hội
conquer,chinh phục
conscience,lương tâm
consciousness,ý thức
consecutive,liên tiếp
consensus,sự đồng thuận
consent,bằng lòng
consequently,do đó
conservation,bảo tồn
conserve,bảo tồn
considerable,đáng kể
considerably,đáng kể
consistency,tính nhất quán
consistently,một cách nhất quán
consolidate,hợp nhất
conspiracy,âm mưu
constituency,khu vực bầu cử
constitute,cấu thành
constitution,cấu tạo
constitutional,hiến pháp
constraint,ràng buộc
consult,tham khảo ý kiến
consultant,tư vấn
consultation,tư vấn
consumption,sự tiêu thụ
contemplate,suy ngẫm
contempt,sự khinh miệt
contend,tranh luận
contender,ứng cử viên
content,nội dung
contention,sự tranh chấp
continually,liên tục
contractor,Nhà thầu
contradiction,mâu thuẫn
contrary,trái ngược
contributor,người đóng góp
controversial,gây tranh cãi
controversy,tranh cãi
convenience,sự tiện lợi
convention,hội nghị
conventional,thông thường
conversion,sự chuyển đổi
convey,truyền đạt
convict,người bị kết án
conviction,sự kết án
convincing,thuyết phục
cooperate,hợp tác
cooperative,hợp tác xã
coordinate,điều phối
coordination,sự phối hợp
coordinator,điều phối viên
cop,cảnh sát
cope,đối phó
copper,đồng
copyright,bản quyền
corporation,tập đoàn
correction,sửa chữa
correlate,tương quan
correlation,tương quan
correspond,tương ứng
correspondence,thư từ
correspondent,phóng viên
corresponding,tương ứng
corridor,hành lang
corrupt,tham nhũng
corruption,tham nhũng
costly,tốn kém
councillor,ủy viên
counselling,tư vấn
counsellor,cố vấn
counter,quầy tính tiền
counterpart,đối tác
countless,vô số
coup,đảo chính
courtesy,sự lịch sự
coverage,phạm vi phủ sóng
crack,nứt
craft,thủ công
crawl,bò
creativity,sự sáng tạo
creator,người sáng tạo
credibility,độ tin cậy
credible,đáng tin cậy
creep,leo
critically,phê bình
critique,phê bình
crown,vương miện
crude,thô
cruise,du thuyền
crush,người mình thích
crystal,pha lê
cue,tín hiệu
cult,giáo phái
cultivate,trồng trọt
curiosity,sự tò mò
curious,tò mò
curriculum,chương trình giảng dạy
custody,quyền nuôi con
cute,dễ thương
cutting,cắt
cynical,hoài nghi
dairy,sữa
dam,đập
damaging,gây hại
dare,dám
darkness,bóng tối
database,cơ sở dữ liệu
dawn,bình minh
deadline,thời hạn
deadly,chết người
dealer,người bán hàng
debris,mảnh vỡ
debut,ra mắt
decision-making,ra quyết định
decisive,quyết định
deck,boong tàu
declaration,tuyên ngôn
dedicated,tận tụy
dedication,sự cống hiến
deed,hành động
deem,cho rằng
default,mặc định
defect,khuyết điểm
defender,hậu vệ
defensive,phòng thủ
deficiency,thiếu hụt
deficit,thâm hụt
defy,thách thức
delegate,đại biểu
delegation,phái đoàn
delete,xóa bỏ
delicate,thanh tú
democracy,nền dân chủ
democratic,dân chủ
demon,quỷ dữ
demonstration,biểu tình
denial,sự phủ nhận
denounce,tố cáo
dense,dày đặc
density,Tỉ trọng
depart,khởi hành
dependence,sự phụ thuộc
dependent,sự phụ thuộc
depict,miêu tả
deploy,triển khai
deployment,triển khai
deposit,tiền gửi
depression,trầm cảm
deprive,tước đoạt
deputy,phó
derive,suy ra
descend,đi xuống
descent,dòng dõi
designate,chỉ định
desirable,mong muốn
desktop,máy tính để bàn
desperately,tuyệt vọng
destruction,sự phá hủy
destructive,phá hoại
detain,giam
detection,phát hiện
detention,giam giữ
deteriorate,xấu đi
determination,sự quyết tâm
devastate,tàn phá
devil,quỷ dữ
devise,thiết kế
devote,cống hiến
diagnose,chẩn đoán
diagnosis,chẩn đoán
dictate,ra lệnh
dictator,nhà độc tài
differ,khác biệt
differentiate,phân biệt
dignity,phẩm giá
dilemma,tình thế tiến thoái lưỡng nan
dimension,kích thước
diminish,giảm bớt
dip,nhúng
diplomat,nhà ngoại giao
diplomatic,ngoại giao
directory,thư mục
disability,khuyết tật
disabled,tàn tật
disagreement,sự bất đồng
disappoint,thất vọng
disappointment,sự thất vọng
disastrous,thảm khốc
discard,bỏ đi
discharge,phóng điện
disclose,tiết lộ
disclosure,tiết lộ
discourage,làm nản lòng
discourse,diễn ngôn
discretion,sự thận trọng
discrimination,phân biệt
dismissal,sa thải
disorder,rối loạn
displace,dịch chuyển
disposal,xử lý
dispose,vứt bỏ
dispute,tranh luận
disrupt,làm gián đoạn
disruption,sự gián đoạn
dissolve,hòa tan
distant,xa xôi
distinct,riêng biệt
distinction,sự phân biệt
distinctive,đặc biệt
distinguish,phân biệt
distort,bóp méo
distract,làm sao lãng
distress,đau khổ
disturb,quấy rầy
disturbing,đáng lo ngại
dive,lặn
diverse,phong phú
diversity,đa dạng
divert,chuyển hướng
divine,thần thánh
divorce,ly hôn
doctrine,học thuyết
documentation,tài liệu
domain,lãnh địa
dominance,sự thống trị
dominant,trội
donation,quyên góp
donor,người hiến tặng
dose,liều lượng
dot,chấm
downtown,trung tâm thành phố
drain,làm khô hạn
dramatically,đáng kể
drift,trôi dạt
driving,lái xe
drought,hạn hán
drown,chết đuối
dual,hai
dub,lồng tiếng
dull,đần độn
dumb,câm
dump,bãi rác
duo,cặp đôi
duration,khoảng thời gian
dynamic,năng động
eager,háo hức
earnings,thu nhập
ease,xoa dịu
echo,tiếng vang
ecological,sinh thái
economics,kinh tế học
economist,nhà kinh tế học
editorial,biên tập
educator,nhà giáo dục
effectiveness,hiệu quả
efficiency,hiệu quả
efficiently,một cách hiệu quả
ego,cái tôi
elaborate,phức tạp
elbow,khuỷu tay
electoral,bầu cử
electronics,thiết bị điện tử
elegant,thanh lịch
elementary,tiểu học
elevate,nâng
eligible,đạt chuẩn
eliminate,loại bỏ
elite,ưu tú
embark,tham gia
embarrassment,sự xấu hổ
embassy,đại sứ quán
embed,nhúng
embody,hiện thân
embrace,ôm
emergence,sự xuất hiện
emission,khí thải
emotionally,về mặt cảm xúc
empire,đế chế
empirical,thực nghiệm
empower,trao quyền
enact,ban hành
encompass,bao gồm
encouragement,sự khích lệ
encouraging,khuyến khích
endeavour,nỗ lực
endless,vô tận
endorse,xác nhận
endorsement,sự chứng thực
endure,chịu đựng
enforce,thực thi
enforcement,thực thi
engagement,hôn ước
engaging,hấp dẫn
enjoyable,thú vị
enquire,hỏi thăm
enrich,làm giàu
enrol,tham gia
ensue,xảy ra
enterprise,doanh nghiệp
entertaining,giải trí
enthusiast,người đam mê
entitle,quyền
entity,thực thể
entrepreneur,doanh nhân
envelope,phong bì
epidemic,bệnh dịch
equality,sự bình đẳng
equation,phương trình
equip,trang bị
equivalent,tương đương
era,thời đại
erect,dựng đứng
erupt,phun trào
escalate,leo thang
essence,nước hoa
essentially,Thiết yếu
establishment,sự thành lập
eternal,vĩnh cửu
ethic,đạo đức
ethnic,dân tộc
evacuate,sơ tán
evaluation,sự đánh giá
evident,rõ ràng
evoke,gợi lên
evolution,sự tiến hóa
evolutionary,tiến hóa
evolve,tiến hóa
exaggerate,nói quá
exceed,quá
excellence,sự xuất sắc
exception,ngoại lệ
exceptional,ngoại lệ
excess,thặng dư
excessive,quá mức
exclude,loại trừ
exclusion,loại trừ
exclusive,loại trừ
exclusively,độc quyền
execute,thực hiện
execution,thực hiện
exert,phát huy
exhibit,triển lãm
exile,lưu vong
exit,ra
exotic,kỳ lạ
expansion,sự mở rộng
expenditure,chi tiêu
experimental,thử nghiệm
expertise,chuyên môn
expire,hết hạn
explicit,rõ ràng
explicitly,một cách rõ ràng
exploit,khai thác
exploitation,sự khai thác
explosive,chất nổ
exposure,phơi bày
extension,sự mở rộng
extensive,rộng rãi
extensively,rộng rãi
extract,trích xuất
extremist,cực đoan
fabric,vải vóc
fabulous,tuyệt vời
facilitate,tạo điều kiện
faction,phe phái
faculty,khoa
fade,phai
failed,thất bại
fairness,sự công bằng
fake,giả mạo
fame,danh tiếng
fantasy,tưởng tượng
fare,giá vé
fatal,gây tử vong
fate,định mệnh
favourable,thuận lợi
feat,chiến công
federal,liên bang
feeding,cho ăn
feminist,nhà nữ quyền
fever,sốt
fibre,chất xơ
fierce,mạnh mẽ
film-maker,nhà làm phim
filter,lọc
fine,khỏe
firearm,súng ống
firefighter,lính cứu hỏa
firework,pháo hoa
firm,vững chãi
firmly,chắc chắn
fit,phù hợp
fixture,đồ đạc
flavour,hương vị
flaw,khuyết điểm
flawed,có khuyết điểm
flee,chạy trốn
fleet,hạm đội
flesh,thịt
flexibility,tính linh hoạt
flourish,phát triển mạnh mẽ
fluid,dịch
fond,ngây thơ
fool,ngu xuẩn
footage,cảnh quay
forbid,cấm
forecast,dự báo
foreigner,người nước ngoài
forge,rèn
format,định dạng
formation,sự hình thành
formerly,trước đây
formula,công thức
formulate,xây dựng công thức
forth,ra
forthcoming,sắp tới
fortunate,may mắn
forum,diễn đàn
fossil,hóa thạch
foster,nuôi dưỡng
foundation,sự thành lập
founder,người sáng lập
fraction,phân số
fragile,dễ vỡ
fragment,mảnh vỡ
framework,khung
franchise,nhượng quyền thương mại
frankly,thẳng thắn
fraud,gian lận
freely,tự do
frequent,thường xuyên
frustrated,bực bội
frustrating,làm nản lòng
frustration,sự thất vọng
fulfil,thực hiện
full-time,toàn thời gian
functional,chức năng
fundamentally,về cơ bản
fundraising,gây quỹ
funeral,tang lễ
furious,giận dữ
gallon,gallon
gambling,cờ bạc
gaming,chơi game
gathering,tụ tập
gay,đồng tính
gaze,cái nhìn chằm chằm
gear,bánh răng
gender,giới tính
gene,gen
generic,chung chung
genetic,di truyền
genius,thiên tài
genocide,diệt chủng
genuine,thành thật
genuinely,thực sự
gesture,cử chỉ
gig,buổi biểu diễn
glance,liếc nhìn
glimpse,thoáng nhìn
globalization,toàn cầu hóa
globe,khối cầu
glorious,vinh quang
glory,vinh quang
golden,vàng
goodness,lòng tốt
gorgeous,lộng lẫy
governance,quản trị
governor,thống đốc
grace,duyên dáng
graphic,đồ họa
graphics,đồ họa
grasp,nắm bắt
grave,ngôi mộ
gravity,trọng lực
greatly,rất nhiều
greenhouse,nhà kính
grid,lưới
grief,đau buồn
grin,cười toe toét
grind,xay
grip,va li
grocery,cửa hàng tạp hóa
guerrilla,du kích
guidance,hướng dẫn
guideline,hướng dẫn
guilt,tội lỗi
gut,ruột
habitat,môi trường sống
hail,kêu
halfway,nửa chừng
halt,dừng lại
handful,một nắm
handling,xử lý
handy,tiện dụng
harassment,quấy rối
harbour,bến cảng
hardware,phần cứng
harmony,hòa hợp
harsh,thô ráp
harvest,mùa gặt
hatred,sự căm ghét
haunt,ám ảnh
hazard,nguy hiểm
headquarters,trụ sở chính
heal,chữa lành
healthcare,chăm sóc sức khỏe
heighten,nâng cao
helmet,mũ bảo hiểm
hence,kể từ đây
herb,thảo mộc
heritage,di sản
hidden,ẩn giấu
hierarchy,hệ thống phân cấp
high-profile,nổi tiếng
highway,đường cao tốc
hilarious,vui vẻ
hint,gợi ý
hip,hông
historian,nhà sử học
homeland,quê hương
homeless,vô gia cư
honesty,sự trung thực
hook,cái móc
hopeful,hy vọng
hopefully,hy vọng là
horizon,chân trời
horn,sừng
hostage,con tin
hostile,thù địch
hostility,sự thù địch
humanitarian,nhân đạo
humanity,nhân loại
humble,khiêm tốn
hunger,cơn đói
hydrogen,hydro
hypothesis,giả thuyết
icon,biểu tượng
identical,giống hệt nhau
identification,nhận dạng
ideological,tư tưởng
ideology,hệ tư tưởng
idiot,kẻ ngốc
ignorance,sự thiếu hiểu biết
illusion,ảo tưởng
imagery,hình ảnh
immense,bao la
immigration,nhập cư
imminent,sắp xảy ra
immune,miễn dịch
implement,thực hiện
implementation,thực hiện
implication,ngụ ý
imprison,giam cầm
imprisonment,sự giam cầm
inability,sự bất lực
inadequate,không đủ
inappropriate,không phù hợp
incentive,khích lệ
incidence,tỷ lệ mắc bệnh
inclined,nghiêng
inclusion,sự bao gồm
incorporate,kết hợp
incorrect,không đúng
incur,phát sinh
independence,sự độc lập
index,chỉ số
indication,chỉ định
indicator,chỉ số
indictment,bản cáo trạng
indigenous,bản địa
induce,gây ra
indulge,nuông chiều
inequality,bất bình đẳng
inevitable,không thể tránh khỏi
infamous,tai tiếng
infant,trẻ sơ sinh
infect,lây nhiễm
infer,suy ra
inflation,lạm phát
inflict,gây ra
influential,có ảnh hưởng
info,thông tin
infrastructure,cơ sở hạ tầng
inhabitant,cư dân
inherent,vốn có
inherit,thừa kế
inhibit,ức chế
initiate,khởi xướng
inject,tiêm
injection,tiêm
injustice,sự bất công
ink,mực
inmate,tù nhân
innovation,sự đổi mới
innovative,đổi mới
input,đầu vào
insert,chèn
insertion,chèn
insider,người trong cuộc
inspect,thanh tra
inspection,điều tra
inspector,thanh tra
inspiration,cảm hứng
installation,cài đặt
instant,lập tức
instantly,ngay lập tức
instinct,bản năng
institutional,thể chế
instruct,hướng dẫn
instrumental,nhạc cụ
insufficient,không đủ
insult,sự sỉ nhục
intact,còn nguyên vẹn
intake,lượng tiêu thụ
integral,tích phân
integrate,tích hợp
integrated,tích hợp
integration,tích hợp
integrity,chính trực
intellectual,trí tuệ
intensify,tăng cường
intensity,cường độ
intensive,căng
intent,ý định
interact,tương tác
interaction,sự tương tác
interactive,tương tác
interface,giao diện
interfere,can thiệp
interference,sự can thiệp
interim,tạm thời
interior,nội thất
intermediate,trung cấp
interpretation,diễn giải
interval,khoảng thời gian
intervene,can thiệp
intervention,sự can thiệp
intimate,thân mật
intriguing,hấp dẫn
invade,xâm lược
invasion,cuộc xâm lược
investigator,điều tra viên
investor,nhà đầu tư
invisible,vô hình
invoke,gọi
involvement,sự tham gia
ironic,mỉa mai
ironically,trớ trêu thay
irony,sự trớ trêu
irrelevant,không liên quan
isolate,cô lập
isolated,bị cô lập
isolation,sự cách ly
jail,nhà tù
jet,máy bay phản lực
joint,chung
journalism,báo chí
judicial,tư pháp
junction,ngã ba
jurisdiction,thẩm quyền
jury,bồi thẩm đoàn
just,chỉ
justification,sự biện minh
kidnap,bắt cóc
kidney,quả thận
kingdom,vương quốc
kit,bộ dụng cụ
lad,thanh niên
ladder,thang
landing,hạ cánh
landlord,chủ nhà
landmark,mốc
lane,làn đường
lap,vòng
large-scale,quy mô lớn
laser,tia laser
lately,gần đây
latter,sau này
lawn,bãi cỏ
lawsuit,vụ kiện
layout,cách trình bày
leaflet,tờ rơi
leak,hở
leap,nhảy vọt
legacy,di sản
legend,huyền thoại
legendary,huyền thoại
legislation,luật pháp
legislative,lập pháp
legislature,cơ quan lập pháp
legitimate,hợp pháp
lengthy,dài
lens,ống kính
lesbian,đồng tính nữ
lesser,nhỏ hơn
lethal,gây chết người
liable,chịu trách nhiệm
liberal,tự do
liberation,sự giải phóng
liberty,tự do
license,giấy phép
lifelong,suốt đời
lifetime,trọn đời
lighting,chiếu sáng
likelihood,khả năng xảy ra
likewise,tương tự như vậy
limb,chân tay
limitation,hạn chế
line-up,đội hình
linear,tuyến tính
linger,nán lại
listing,danh sách
literacy,biết chữ
literally,theo đúng nghĩa đen
literary,văn học
litre,lít
litter,rác
liver,gan
lobby,sảnh
log,nhật ký
logic,logic
logo,biểu trưng
long-standing,lâu đời
long-time,lâu năm
loom,khung cửi
loop,vòng lặp
lottery,xổ số
loyal,trung thành
loyalty,lòng trung thành
lyric,lời bài hát
machinery,máy móc
magical,kỳ diệu
magistrate,thẩm phán
magnetic,từ tính
magnificent,tráng lệ
magnitude,kích cỡ
mainland,đất liền
mainstream,dòng chính
maintenance,BẢO TRÌ
major,lớn lao
make-up,trang điểm
making,làm
mandate,nhiệm vụ
mandatory,bắt buộc
manifest,biểu hiện
manipulate,thao túng
manipulation,thao tác
manufacture,sản xuất
manufacturing,chế tạo
manuscript,bản thảo
marathon,cuộc chạy marathon
march,bước đều
margin,lề
marginal,biên độ
marine,hàng hải
marker,điểm đánh dấu
marketplace,chợ
martial,võ thuật
mask,mặt nạ
massacre,thảm sát
mate,bạn
mathematical,toán học
mature,trưởng thành
maximize,tối đa hóa
mayor,thị trưởng
meaningful,có ý nghĩa
meantime,trong khi đó
mechanic,thợ cơ khí
mechanical,cơ khí
mechanism,cơ chế
medal,huy chương
medication,thuốc
medieval,thời trung cổ
meditation,thiền định
melody,giai điệu
membership,tư cách thành viên
memo,bản ghi nhớ
memoir,hồi ký
memorable,đáng nhớ
memorial,đài tưởng niệm
mentor,người hướng dẫn
merchant,thương gia
mercy,lòng thương xót
mere,chỉ
merely,chỉ đơn thuần
merge,hợp nhất
merger,sáp nhập
merit,công lao
metaphor,ẩn dụ
methodology,phương pháp luận
midst,giữa
migration,di cư
militant,chiến binh
militia,dân quân
mill,nhà máy
miner,thợ mỏ
minimal,tối thiểu
minimize,thu nhỏ
mining,khai thác mỏ
ministry,bộ
minute,phút
miracle,phép lạ
miserable,khổ sở
misery,đau khổ
misleading,gây hiểu lầm
missile,tên lửa
mob,đám đông
mobility,tính di động
mobilize,huy động
mode,cách thức
moderate,vừa phải
modest,khiêm tốn
modification,sửa đổi
momentum,động lượng
monk,nhà sư
monopoly,độc quyền
monster,quái vật
monthly,hàng tháng
monument,đài kỷ niệm
morality,đạo đức
moreover,Hơn thế nữa
mortgage,thế chấp
mosque,nhà thờ Hồi giáo
motion,cử động
motivate,thúc đẩy
motivation,động lực
motive,động cơ
motorist,người lái xe
moving,di chuyển
municipal,thành phố
mutual,qua lại
myth,huyền thoại
naked,khỏa thân
namely,cụ thể là
nasty,bẩn thỉu
nationwide,toàn quốc
naval,hải quân
navigation,điều hướng
nearby,gần đó
necessity,sự cần thiết
neglect,sao nhãng
negotiate,thương lượng
negotiation,đàm phán
neighbouring,lân cận
nest,tổ
net,mạng lưới
neutral,trung lập
newly,mới
newsletter,bản tin
niche,ngách
noble,cao quý
nod,gật đầu
nominate,đề cử
nomination,đề cử
nominee,người được đề cử
non-profit,phi lợi nhuận
nonetheless,tuy nhiên
nonsense,vô lý
noon,buổi trưa
norm,chuẩn mực
notable,đáng chú ý
notably,đáng chú ý
notebook,sổ tay
notify,thông báo
notorious,khét tiếng
novel,cuốn tiểu thuyết
novelist,tiểu thuyết gia
nowadays,Ngày nay
nursery,vườn ươm
nursing,điều dưỡng
nutrition,dinh dưỡng
obesity,béo phì
objection,sự phản đối
oblige,bắt buộc
observer,người quan sát
obsess,ám ảnh
obsession,sự ám ảnh
obstacle,chướng ngại vật
occasional,thỉnh thoảng
occupation,nghề nghiệp
occupy,chiếm đóng
occurrence,sự xuất hiện
odds,tỷ lệ cược
offender,người phạm tội
offering,cung cấp
offspring,con cháu
ongoing,đang diễn ra
openly,công khai
opera,vở opera
operational,hoạt động
operator,người điều hành
opt,lựa chọn
optical,quang học
optimism,sự lạc quan
optimistic,lạc quan
oral,miệng
orchestra,dàn nhạc
organic,hữu cơ
organizational,tổ chức
orientation,định hướng
originate,có nguồn gốc
outbreak,sự bùng phát
outfit,trang phục
outing,chuyến đi chơi
outlet,chỗ thoát
outlook,triển vọng
output,đầu ra
outrage,sự phẫn nộ
outsider,người ngoài cuộc
outstanding,nổi bật
overcome,vượt qua
overlook,bỏ qua
overly,quá mức
overnight,qua đêm
overseas,ở nước ngoài
oversee,giám sát
overturn,lật đổ
overwhelm,áp đảo
overwhelming,áp đảo
ownership,quyền sở hữu
oxygen,ôxy
packet,gói
pad,miếng đệm
palm,cây cọ
panic,hoảng loạn
parade,cuộc diễu hành
parallel,song song
parameter,tham số
parental,cha mẹ
parish,giáo xứ
parliamentary,nghị viện
part-time,bán thời gian
partial,một phần
partially,một phần
participation,sự tham gia
partnership,quan hệ đối tác
passing,đi qua
passionate,say đắm
passive,thụ động
password,mật khẩu
pastor,mục sư
patch,miếng vá
patent,bằng sáng chế
pathway,con đường
patience,tính kiên nhẫn
patrol,tuần tra
patron,người bảo trợ
pause,tạm dừng
peak,đỉnh cao
peasant,nông dân
peculiar,riêng
peer,đồng đẳng
penalty,hình phạt
perceive,nhận thức
perception,sự nhận thức
permanently,vĩnh viễn
persist,kiên trì
persistent,dai dẳng
personnel,nhân viên
petition,đơn kiến nghị
philosopher,nhà triết học
philosophical,triết học
physician,bác sĩ
pill,viên thuốc
pioneer,người tiên phong
pipeline,đường ống
pirate,cướp biển
pit,hố
pity,lòng thương xót
placement,vị trí
plea,lời thú tội
plead,cầu xin
pledge,lời cam kết
plug,phích cắm
plunge,lao xuống
pole,cực
poll,cuộc thăm dò
pond,ao
pop,nhạc pop
portfolio,danh mục đầu tư
portion,phần
portray,miêu tả
post-war,sau chiến tranh
postpone,hoãn
potentially,có khả năng
practitioner,người hành nghề
preach,rao giảng
precede,đi trước
precedent,tiền lệ
precious,quý giá
precise,chính xác
precisely,chính xác
precision,độ chính xác
predator,động vật ăn thịt
predecessor,người tiền nhiệm
predictable,có thể dự đoán được
predominantly,chủ yếu
preference,sự ưa thích
pregnancy,mang thai
prejudice,định kiến
preliminary,sơ bộ
premier,thủ tướng
premise,tiền đề
premium,phần thưởng
prescribe,kê đơn
prescription,đơn thuốc
presently,hiện tại
preservation,sự bảo tồn
preside,chủ trì
presidency,chức vụ tổng thống
presidential,tổng thống
prestigious,uy tín
presumably,có lẽ
presume,cho rằng
prevail,chiếm ưu thế
prevalence,sự phổ biến
prevention,phòng ngừa
prey,con mồi
pride,kiêu hãnh
primarily,chủ yếu
principal,hiệu trưởng
prior,trước
privatization,tư nhân hóa
privilege,đặc quyền
probability,xác suất
probable,có khả năng
probe,thăm dò
problematic,có vấn đề
proceed,tiếp tục
proceeding,tiến hành
proceeds,tiền thu được
processing,xử lý
processor,bộ xử lý
proclaim,tuyên bố
productive,có năng suất
productivity,năng suất
profitable,có lợi nhuận
profound,sâu
programming,lập trình
progressive,tiến bộ
prohibit,cấm
projection,phép chiếu
prominent,nổi bật
promising,hứa hẹn
promotion,khuyến mãi
prompt,nhắc nhở
pronounced,phát âm
propaganda,tuyên truyền
proportion,tỷ lệ
proposition,đề xuất
prosecute,truy tố
prosecution,truy tố
prosecutor,công tố viên
prospective,có triển vọng
prosperity,sự phồn vinh
protective,bảo vệ
protein,chất đạm
protester,người phản đối
protocol,giao thức
province,tỉnh
provincial,tỉnh
provision,sự cung cấp
provoke,khiêu khích
psychiatric,tâm thần học
psychological,tâm lý
publicity,công khai
publishing,xuất bản
pulse,xung
pump,bơm
punch,cú đấm
punk,punk
purely,hoàn toàn
pursuit,sự theo đuổi
puzzle,câu đố
query,truy vấn
quest,nhiệm vụ
questionnaire,bảng câu hỏi
quota,hạn ngạch
racial,chủng tộc
racism,chủ nghĩa phân biệt chủng tộc
racist,phân biệt chủng tộc
radar,radar
radiation,bức xạ
radical,cấp tiến
rage,cơn thịnh nộ
raid,cuộc đột kích
rail,đường sắt
rally,tập hợp
random,ngẫu nhiên
ranking,xếp hạng
rape,hiếp dâm
rat,con chuột
rating,xếp hạng
ratio,tỷ lệ
rational,hợp lý
ray,tia
readily,dễ dàng
realization,sự thực hiện
realm,vương quốc
rear,ở phía sau
reasonably,hợp lý
reasoning,lý luận
reassure,trấn an
rebel,kẻ nổi loạn
rebellion,cuộc nổi loạn
rebuild,xây dựng lại
receiver,người nhận
recession,suy thoái
recipient,người nhận
reckon,tính toán
recognition,sự công nhận
reconstruction,tái thiết
recount,kể lại
recovery,sự hồi phục
recruit,tuyển dụng
recruitment,tuyển dụng
referee,trọng tài
referendum,trưng cầu dân ý
reflection,sự phản xạ
reform,cải cách
refuge,nơi trú ẩn
refugee,người tị nạn
refusal,sự từ chối
regain,lấy lại
regardless,bất kể
regime,chế độ
registration,sự đăng ký
regulate,điều chỉnh
regulator,bộ điều chỉnh
regulatory,quy định
rehabilitation,phục hồi chức năng
reign,triều đại
reinforce,củng cố
rejection,sự từ chối
relevance,sự liên quan
reliability,độ tin cậy
relieve,dịu đi
relieved,nhẹ nhõm
reluctant,miễn cưỡng
remainder,phần còn lại
remains,còn lại
remarkable,đáng chú ý
remarkably,đáng chú ý
remedy,biện pháp khắc phục
reminder,lời nhắc nhở
removal,loại bỏ
render,kết xuất
renew,làm mới
renowned,nổi tiếng
rental,cho thuê
replacement,thay thế
reportedly,được báo cáo
reporting,báo cáo
representation,đại diện
reproduce,sinh sản
reproduction,sinh sản
republic,cộng hòa
resemble,giống như
reside,cư trú
residence,nơi cư trú
residential,khu dân cư
residue,dư lượng
resign,từ chức
resignation,sự từ chức
resistance,sức chống cự
resolution,nghị quyết
respective,tương ứng
respectively,tương ứng
restoration,phục hồi
restore,khôi phục
restraint,sự kiềm chế
restrict,hạn chế
restriction,sự hạn chế
resume,bản tóm tắt
retail,bán lẻ
retirement,nghỉ hưu
retreat,rút lui
retrieve,lấy lại
revelation,sự mặc khải
revenge,sự trả thù
revenue,doanh thu
reverse,đảo ngược
revision,ôn tập
revival,sự hồi sinh
revive,hồi sinh
revolutionary,mang tính cách mạng
rhetoric,hùng biện
ridiculous,lố bịch
rifle,súng trường
riot,cuộc náo loạn
rip,xé
risky,rủi ro
ritual,nghi thức
rival,đối thủ
rob,cướp
robbery,cướp
robust,mạnh mẽ
rock,đá
rocket,tên lửa
rod,thanh
romance,lãng mạn
rose,hoa hồng
rotate,quay
rotation,sự quay vòng
roughly,đại khái
ruin,sự đổ nát
ruling,phán quyết
rumour,tin đồn
sack,bao
sacred,thiêng liêng
sacrifice,hy sinh
saint,thánh
sake,rượu sake
sanction,lệnh trừng phạt
satisfaction,sự hài lòng
say,nói
scandal,vụ bê bối
scare,sự sợ hãi
scattered,rải rác
scenario,kịch bản
sceptical,hoài nghi
scholar,học giả
scholarship,học bổng
scope,phạm vi
scratch,cào
screening,sàng lọc
screw,vít
scrutiny,sự giám sát
seal,niêm phong
secular,thế tục
seeker,người tìm kiếm
seemingly,dường như
segment,phân khúc
seize,tịch thu
seldom,hiếm khi
selective,chọn lọc
seminar,hội thảo
senator,thượng nghị sĩ
sensation,cảm giác
sensitivity,độ nhạy
sentiment,tình cảm
separation,sự tách biệt
serial,loạt bài
set-up,cài đặt
settlement,giải quyết
settler,người định cư
severely,nghiêm trọng
sexuality,tình dục
sexy,gợi cảm
shaped,có hình dạng
shareholder,cổ đông
shatter,vỡ tan
shed,túp lều
sheer,trong suốt
shipping,vận chuyển
shocking,gây sốc
shoot,bắn
shore,bờ biển
short-term,ngắn hạn
shortage,thiếu
shortly,trong thời gian ngắn
shrink,co lại
shrug,nhún vai
sibling,anh em ruột
sigh,thở dài
signature,chữ ký
significance,ý nghĩa
simulate,mô phỏng
simulation,mô phỏng
simultaneously,đồng thời
sin,tội lỗi
situated,nằm
sketch,phác thảo
skilled,có tay nghề
skip,nhảy
skull,hộp sọ
slam,đập mạnh
slap,tát
slash,dấu gạch chéo
slavery,chế độ nô lệ
slogan,khẩu hiệu
slot,chỗ
smash,đập vỡ
snap,búng tay
so-called,cái gọi là
soak,ngâm
soar,bay lên
socialist,xã hội chủ nghĩa
sole,đế giày
solely,chỉ riêng
solicitor,luật sư
solidarity,sự đoàn kết
solo,đơn ca
somehow,bằng cách nào đó
sometime,đôi khi
sophisticated,cầu kì
sound,âm thanh
sovereignty,chủ quyền
spam,thư rác
span,nhịp
spare,dự phòng
spark,tia lửa
specialize,chuyên môn hóa
specialized,chuyên
specification,đặc điểm kỹ thuật
specify,chỉ rõ
specimen,mẫu vật
spectacle,cảnh tượng
spectacular,hùng vĩ
spectator,khán giả
spectrum,quang phổ
speculate,suy đoán
speculation,suy đoán
spell,Đánh vần
sphere,hình cầu
spill,tràn
spin,quay
spine,xương sống
spite,sự bất chấp
spoil,chiều hư
spokesman,người phát ngôn
spokesperson,người phát ngôn
spokeswoman,người phát ngôn
sponsorship,tài trợ
sporting,thể thao
spotlight,điểm sáng
spouse,vợ chồng
spy,gián điệp
squad,đội hình
squeeze,vắt kiệt
stab,đâm
stability,sự ổn định
stabilize,ổn định
stake,cổ phần
stall,quầy hàng
stance,lập trường
standing,đứng
stark,ngay đơ
starve,chết đói
statistical,thống kê
steadily,đều đặn
steam,hơi nước
steer,lái
stem,thân cây
stereotype,khuôn mẫu
stimulate,kích thích
stimulus,kích thích
stir,khuấy
storage,kho
straightforward,thẳng thắn
strain,sự căng thẳng
strand,sợi
strategic,chiến lược
strengthen,tăng cường
strictly,nghiêm ngặt
striking,nổi bật
strip,dải
strive,phấn đấu
stroke,đột quỵ
structural,cấu trúc
stumble,vấp ngã
stun,làm choáng
stunning,kinh ngạc
submission,sự trình bày
subscriber,người đăng ký
subscription,đăng ký
subsequent,tiếp theo
subsequently,sau đó
subsidy,trợ cấp
substantial,đáng kể
substantially,về cơ bản
substitute,thay thế
substitution,sự thay thế
subtle,tinh tế
suburb,vùng ngoại ô
suburban,ngoại ô
succession,sự kế vị
successive,liên tiếp
successor,người kế nhiệm
suck,hút
sue,kiện tụng
suffering,đau khổ
sufficient,hợp lý
sufficiently,đủ
suicide,tự tử
suite,bộ
summit,đỉnh cao
super,siêu
superb,tuyệt vời
superior,thượng đẳng
supervise,giám sát
supervision,giám sát
supervisor,người giám sát
supplement,bổ sung
supportive,hỗ trợ
supposedly,được cho là
suppress,kìm nén
supreme,tối cao
surge,sự gia tăng
surgeon,bác sĩ phẫu thuật
surgical,phẫu thuật
surplus,thặng dư
surrender,đầu hàng
surveillance,giám sát
survival,sống sót
survivor,người sống sót
suspend,đình chỉ
suspension,đình chỉ
suspicion,sự nghi ngờ
suspicious,khả nghi
sustain,duy trì
sustainable,bền vững
swallow,nuốt
swing,xích đu
sword,gươm
symbolic,mang tính biểu tượng
sympathetic,thông cảm
syndrome,hội chứng
synthesis,tổng hợp
systematic,có hệ thống
tackle,giải quyết
tactic,chiến thuật
tactical,chiến thuật
tag,nhãn
tap,vỗ nhẹ
taxpayer,người nộp thuế
technological,công nghệ
teens,thanh thiếu niên
temple,ngôi đền
temporarily,tạm thời
tempt,cám dỗ
tenant,người thuê nhà
tendency,xu hướng
tender,mềm
tension,căng thẳng
tenure,nhiệm kỳ
terminal,phần cuối
terminate,chấm dứt
terms,các điều khoản
terrain,địa hình
terribly,khủng khiếp
terrific,tuyệt vời
terrify,làm kinh hoàng
territory,lãnh thổ
terror,khủng bố
terrorism,khủng bố
terrorist,khủng bố
testify,làm chứng
testimony,lời khai
testing,thử nghiệm
textbook,sách giáo khoa
texture,kết cấu
thankfully,may mắn thay
theatrical,sân khấu
theft,trộm cắp
theology,thần học
theoretical,lý thuyết
therapist,nhà trị liệu
thereafter,sau đó
thereby,do đó
thesis,luận án
thorough,kỹ lưỡng
thoroughly,triệt để
thought-provoking,kích thích tư duy
thoughtful,chu đáo
thread,chủ đề
threshold,ngưỡng
thrilled,phấn khích
thrive,phát triển mạnh
thumb,ngón tay cái
tide,thủy triều
tighten,thắt chặt
timber,gỗ
timely,kịp thời
timing,thời gian
tissue,mô
tobacco,thuốc lá
tolerance,sức chịu đựng
tolerate,tha thứ
toll,phí cầu đường
ton,tấn
tonne,tấn
top,đứng đầu
torture,tra tấn
toss,quăng
total,tổng cộng
tournament,giải đấu
toxic,độc hại
trace,dấu vết
trademark,nhãn hiệu
trading,giao dịch
tragedy,thảm kịch
tragic,bi thảm
trail,đường mòn
trailer,đoạn phim giới thiệu
trait,đặc điểm
transaction,giao dịch
transcript,bản ghi chép
transformation,sự biến đổi
transit,quá cảnh
transmission,quá trình lây truyền
transmit,truyền tải
transparency,sự minh bạch
transparent,trong suốt
transportation,vận tải
trap,cạm bẫy
trauma,tổn thương
treasure,kho báu
treaty,hiệp ước
tremendous,to lớn
tribal,bộ lạc
tribe,bộ lạc
tribunal,tòa án
tribute,cống nạp
trigger,cò súng
trillion,nghìn tỷ
trio,bộ ba
triumph,chiến thắng
troop,quân đoàn
trophy,cúp
troubled,gặp rắc rối
trustee,người được ủy thác
tsunami,sóng thần
tuition,học phí
turnout,tỷ lệ cử tri đi bầu
turnover,doanh thu
twist,xoắn
ultimate,tối thượng
unacceptable,không thể chấp nhận được
uncertainty,sự không chắc chắn
undergo,trải qua
undergraduate,sinh viên đại học
underlying,cơ bản
undermine,làm suy yếu
undertake,thực hiện
undoubtedly,chắc chắn
unfold,mở ra
unfortunate,không may
unify,thống nhất
unite,đoàn kết
unity,đoàn kết
universal,phổ quát
unprecedented,chưa từng có
unveil,tiết lộ
upcoming,sắp tới
upgrade,nâng cấp
uphold,duy trì
urgent,cấp bách
usage,cách sử dụng
useless,vô ích
utility,tính thiết thực
utilize,sử dụng
utterly,hoàn toàn
vacuum,chân không
vague,mơ hồ
valid,có hiệu lực
validity,tính hợp lệ
vanish,biến mất
variable,biến
variation,biến thể
varied,đa dạng
vein,tĩnh mạch
venture,mạo hiểm
verbal,bằng lời nói
verdict,phán quyết
verify,xác minh
verse,thơ
versus,so với
vertical,thẳng đứng
vessel,tàu
veteran,cựu chiến binh
viable,khả thi
vibrant,sôi động
vice,phó
vicious,tàn ác
viewpoint,quan điểm
villager,dân làng
violate,vi phạm
violation,vi phạm
virtue,đức hạnh
visa,visa
visible,dễ thấy
vocal,giọng hát
voluntary,tự nguyện
voting,bỏ phiếu
vow,lời thề
vulnerability,sự dễ bị tổn thương
vulnerable,dễ bị tổn thương
wander,đi lang thang
ward,phường
warehouse,kho
warfare,chiến tranh
warming,sự nóng lên
warrant,lệnh
warrior,chiến binh
weaken,làm suy yếu
weave,dệt
weed,cần sa
weekly,hàng tuần
weird,kỳ quặc
welfare,phúc lợi
well,Tốt
well-being,hạnh phúc
whatsoever,bất cứ điều gì
wheat,lúa mì
whereby,nhờ đó
whilst,trong khi
whip,roi da
whoever,bất cứ ai
wholly,toàn bộ
widen,mở rộng
widespread,lan rộng
widow,góa phụ
width,chiều rộng
willingness,sự tự nguyện
wipe,lau đi
wisdom,khôn ngoan
wit,trí tuệ
withdraw,rút
withdrawal,rút lui
workforce,lực lượng lao động
workout,tập luyện
workplace,nơi làm việc
workshop,xưởng
worm,sâu
worship,tôn thờ
worthwhile,đáng giá
worthy,xứng đáng
wrist,cổ tay
yell,hét lên
yield,năng suất
youngster,thanh niên